{
  "generated_at": "2025-11-17T11:38:49.350099+00:00",
  "dataset_path": "data\\training\\dataset_intraday_v2_1m_2025q4_enriched.csv",
  "model_type": "tft",
  "seq_len": 32,
  "batch_size": 128,
  "max_epochs": 2,
  "learning_rate": 0.001,
  "train_ratio": 0.7,
  "val_ratio": 0.15,
  "walk_forward": [
    {
      "name": "window_q4",
      "metrics": {
        "accuracy": 0.20084909085830796,
        "precision": 0.011921937228408766,
        "recall": 0.9484536082474226,
        "f1": 0.023547880690737835,
        "support": 143212,
        "classification_report": "              precision    recall  f1-score   support\n\n         0.0     0.9973    0.1932    0.3237    141757\n         1.0     0.0119    0.9485    0.0235      1455\n\n    accuracy                         0.2008    143212\n   macro avg     0.5046    0.5708    0.1736    143212\nweighted avg     0.9873    0.2008    0.3206    143212\n",
        "roc_auc": 0.8509994560896974,
        "pr_auc": 0.28385846601143716,
        "best_checkpoint": "E:\\TRAIN\\AUTO-TRADER\\logs\\temporal_cnn_intraday_v2\\tft_window_q4\\checkpoints\\tft-window_q4-epoch=01.ckpt"
      },
      "log_dir": "logs\\temporal_cnn_intraday_v2\\tft_window_q4",
      "best_checkpoint": "E:\\TRAIN\\AUTO-TRADER\\logs\\temporal_cnn_intraday_v2\\tft_window_q4\\checkpoints\\tft-window_q4-epoch=01.ckpt",
      "split_windows": {},
      "counts": {
        "train_rows": 669331,
        "val_rows": 143428,
        "test_rows": 143429,
        "train_sequences": 669114,
        "val_sequences": 143211,
        "test_sequences": 143212,
        "train_positive": 16053,
        "train_negative": 653061,
        "pos_weight": 40.68155484956083
      }
    }
  ]
}