{
  "generated_at": "2025-11-17T10:34:39.435669+00:00",
  "dataset_path": "data\\training\\dataset_intraday_v2_1m_2025q4_enriched.csv",
  "model_type": "tcn",
  "seq_len": 32,
  "batch_size": 128,
  "max_epochs": 5,
  "learning_rate": 0.001,
  "train_ratio": 0.7,
  "val_ratio": 0.15,
  "walk_forward": [
    {
      "name": "window_q4",
      "metrics": {
        "accuracy": 0.16506298354886462,
        "precision": 0.011392216559666424,
        "recall": 0.9463917525773196,
        "f1": 0.022513427125655006,
        "support": 143212,
        "classification_report": "              precision    recall  f1-score   support\n\n         0.0     0.9965    0.1570    0.2713    141757\n         1.0     0.0114    0.9464    0.0225      1455\n\n    accuracy                         0.1651    143212\n   macro avg     0.5040    0.5517    0.1469    143212\nweighted avg     0.9865    0.1651    0.2688    143212\n",
        "roc_auc": 0.7656095481336133,
        "pr_auc": 0.3100049702443996,
        "best_checkpoint": "E:\\TRAIN\\AUTO-TRADER\\logs\\temporal_cnn_intraday_v2\\tcn_window_q4\\checkpoints\\tcn-window_q4-epoch=01-v2.ckpt"
      },
      "log_dir": "logs\\temporal_cnn_intraday_v2\\tcn_window_q4",
      "best_checkpoint": "E:\\TRAIN\\AUTO-TRADER\\logs\\temporal_cnn_intraday_v2\\tcn_window_q4\\checkpoints\\tcn-window_q4-epoch=01-v2.ckpt",
      "split_windows": {},
      "counts": {
        "train_rows": 669331,
        "val_rows": 143428,
        "test_rows": 143429,
        "train_sequences": 669114,
        "val_sequences": 143211,
        "test_sequences": 143212,
        "train_positive": 16053,
        "train_negative": 653061,
        "pos_weight": 40.68155484956083
      }
    }
  ]
}