{
  "generated_at": "2025-11-17T12:22:48.881928+00:00",
  "dataset_path": "data\\training\\dataset_intraday_v2_1m_2025q4_enriched_strong_q80.csv",
  "model_type": "tcn",
  "seq_len": 32,
  "batch_size": 128,
  "max_epochs": 2,
  "learning_rate": 0.001,
  "train_ratio": 0.7,
  "val_ratio": 0.15,
  "walk_forward": [
    {
      "name": "window_q4",
      "metrics": {
        "accuracy": 0.9997975030025417,
        "precision": 0.9029126213592233,
        "recall": 0.9538461538461539,
        "f1": 0.9276807980049875,
        "support": 143212,
        "classification_report": "              precision    recall  f1-score   support\n\n         0.0     0.9999    0.9999    0.9999    143017\n         1.0     0.9029    0.9538    0.9277       195\n\n    accuracy                         0.9998    143212\n   macro avg     0.9514    0.9769    0.9638    143212\nweighted avg     0.9998    0.9998    0.9998    143212\n",
        "roc_auc": 0.9784240101992536,
        "pr_auc": 0.9597209812907155,
        "best_checkpoint": "E:\\TRAIN\\AUTO-TRADER\\logs\\temporal_cnn_intraday_v2_strong_q80\\tcn_window_q4\\checkpoints\\tcn-window_q4-epoch=01.ckpt"
      },
      "log_dir": "logs\\temporal_cnn_intraday_v2_strong_q80\\tcn_window_q4",
      "best_checkpoint": "E:\\TRAIN\\AUTO-TRADER\\logs\\temporal_cnn_intraday_v2_strong_q80\\tcn_window_q4\\checkpoints\\tcn-window_q4-epoch=01.ckpt",
      "split_windows": {},
      "counts": {
        "train_rows": 669331,
        "val_rows": 143428,
        "test_rows": 143429,
        "train_sequences": 669114,
        "val_sequences": 143211,
        "test_sequences": 143212,
        "train_positive": 3642,
        "train_negative": 665472,
        "pos_weight": 182.72158154859966
      }
    }
  ]
}