{
  "generated_at": "2025-11-17T10:16:12.164316+00:00",
  "dataset_path": "data\\training\\dataset_intraday_v2_1m_2025q4_enriched.csv",
  "model_type": "tcn",
  "seq_len": 32,
  "batch_size": 128,
  "max_epochs": 1,
  "learning_rate": 0.001,
  "train_ratio": 0.7,
  "val_ratio": 0.15,
  "walk_forward": [
    {
      "name": "window_q4",
      "metrics": {
        "accuracy": 0.13111331452671565,
        "precision": 0.007149498252701099,
        "recall": 0.6130584192439863,
        "f1": 0.014134163636219587,
        "support": 143212,
        "classification_report": "              precision    recall  f1-score   support\n\n         0.0     0.9695    0.1262    0.2233    141757\n         1.0     0.0071    0.6131    0.0141      1455\n\n    accuracy                         0.1311    143212\n   macro avg     0.4883    0.3696    0.1187    143212\nweighted avg     0.9597    0.1311    0.2212    143212\n",
        "roc_auc": 0.5596166345064579,
        "pr_auc": 0.042108744185120076,
        "best_checkpoint": "E:\\TRAIN\\AUTO-TRADER\\logs\\temporal_cnn_intraday_v2\\tcn_window_q4\\checkpoints\\tcn-window_q4-epoch=00.ckpt"
      },
      "log_dir": "logs\\temporal_cnn_intraday_v2\\tcn_window_q4",
      "best_checkpoint": "E:\\TRAIN\\AUTO-TRADER\\logs\\temporal_cnn_intraday_v2\\tcn_window_q4\\checkpoints\\tcn-window_q4-epoch=00.ckpt",
      "split_windows": {},
      "counts": {
        "train_rows": 669331,
        "val_rows": 143428,
        "test_rows": 143429,
        "train_sequences": 669114,
        "val_sequences": 143211,
        "test_sequences": 143212,
        "train_positive": 16053,
        "train_negative": 653061,
        "pos_weight": 40.68155484956083
      }
    }
  ]
}