threshold,signals,positives,precision,mean_forward_return_pct,sum_forward_return_pct
0.99,3668,906,0.2470010905125409,-0.00023281915081827876,-0.8539806452014465
0.9919,3058,846,0.27665140614780903,-0.00016059371131157607,-0.49109556919079966
0.9938,2432,779,0.3203125,-6.381496777426253e-05,-0.15519800162700648
0.9957,1733,677,0.39065204847085977,8.02490541507597e-05,0.13907161084326658
0.9976,1050,537,0.5114285714285715,0.000257737337913638,0.2706242048093199
0.9995,183,123,0.6721311475409836,0.0019757629425922432,0.3615646184943805
