epoch,lr-Adam,step,train_loss
,0.001,0,
0,,19,1.2382858991622925
0,,39,0.34824588894844055
0,,59,1.47090744972229
